,OBJECTID,ID,OSM_ID,OSM_NAME,OSM_META,OSM_SOURCE,OSM_TARGET,CLAZZ,FLAGS,SOURCE,TARGET,KM,KMH,COST,REVERSE_CO,X1,Y1,X2,Y2,Shape_Leng,oneway,geometry
0,2291,191353.0,10046835.0,Throckmorton Street,,82530587.0,82530586.0,31.0,3.0,161534.0,173962.0,0.0797224,40.0,0.0019931,1000000.0,-97.3314834,32.7518935,-97.3319117,32.7525134,79.5972300396,,"LINESTRING (709492.2510271462 2120948.9991849177, 709487.7442723657 2120956.5231338423, 709471.7033378697 2120983.3031201344, 709455.3664807337 2121010.578865692, 709451.3561282983 2121017.2877332717)"
1,4821,1953809.0,115075072.0,Houston Street,,82560685.0,82442296.0,31.0,3.0,1574083.0,1574084.0,0.0777138,40.0,0.0019428,1000000.0,-97.3306889,32.7522764,-97.3302795,32.7516682,77.5888804218,,"LINESTRING (709566.2210428269 2120992.2836899925, 709569.6697844662 2120986.3670556564, 709602.1981038277 2120930.638865119, 709605.3315124807 2120925.2732033264)"
2,5090,195558.0,10049474.0,West 7th Street,,82462850.0,82435540.0,21.0,1.0,1948237.0,1775755.0,0.0800331,60.0,0.0013339,1000000.0,-97.333007,32.751159,-97.3322645,32.7515169,80.0981760769,,"LINESTRING (709350.3983612279 2120865.9704799205, 709357.7629560273 2120870.277366914, 709413.3368061951 2120902.7992138416, 709419.5281488914 2120906.4277410377)"
3,8264,191352.0,10046835.0,Throckmorton Street,,82442297.0,82530587.0,31.0,3.0,148470.0,161534.0,0.0773609,40.0,0.001934,1000000.0,-97.3310677,32.751292,-97.3314834,32.7518935,77.2400736573,,"LINESTRING (709531.9431866424 2120882.7378742434, 709496.0608460905 2120942.631875215, 709492.2510271462 2120948.9991849177)"
4,11397,191351.0,10046835.0,Throckmorton Street,,1861831923.0,82442297.0,31.0,3.0,158375.0,148470.0,0.0818299,40.0,0.0020457,1000000.0,-97.3306316,32.750654,-97.3310677,32.751292,81.7006374904,,"LINESTRING (709573.5923765434 2120812.4508642163, 709568.3869350489 2120821.2755518947, 709546.2657908788 2120858.82211202, 709531.9431866424 2120882.7378742434)"
5,11405,211078.0,10059561.0,West Weatherford Street,,82463129.0,6138269456.0,21.0,1.0,151243.0,178443.0,0.0778996,60.0,0.0012983,1000000.0,-97.33674,32.7552717,-97.3360162,32.7556185,77.9638007238,,"LINESTRING (708995.5731612046 2121318.1097854953, 709062.9627318203 2121357.314377006)"
6,11613,1953831.0,115075154.0,Commerce Street,,82496903.0,82543714.0,31.0,3.0,1574079.0,159857.0,0.0797895,40.0,0.0019947,0.0019947,-97.3303738,32.7548975,-97.3308017,32.7555183,79.6638883434,B,"LINESTRING (709592.5090862478 2121283.24138546, 709589.4057542154 2121288.44104461, 709554.2866223066 2121347.2122119255, 709551.6511906716 2121351.629741013)"
7,11812,212136.0,10060237.0,West 6th Street,,82435537.0,4844508864.0,21.0,1.0,1723743.0,173963.0,0.010712,60.0,0.0001785,1000000.0,-97.3326714,32.7521472,-97.3327708,32.7520993,10.7221326908,,"LINESTRING (709380.6258930137 2120975.8920287807, 709373.0938419041 2120971.4834579024, 709371.3714085581 2120970.4773604516)"
8,12122,195559.0,10049474.0,West 7th Street,,82435540.0,82530587.0,21.0,1.0,1775755.0,161534.0,0.0841992,60.0,0.0014033,1000000.0,-97.3322645,32.7515169,-97.3314834,32.7518935,84.2671063127,,"LINESTRING (709419.5281488914 2120906.4277410377, 709426.622685501 2120910.57642637, 709483.6483897952 2120943.9576126803, 709492.2510271462 2120948.9991849177)"
9,13133,209001.0,10058031.0,Houston Street,,82478336.0,82482159.0,21.0,3.0,171540.0,153319.0,0.0844051,60.0,0.0014068,1000000.0,-97.3336898,32.7567332,-97.3332452,32.7560726,84.2692633277,,"LINESTRING (709279.5590903374 2121483.330578549, 709290.9452582336 2121463.8176221885, 709301.5100758245 2121445.703915268, 709322.0282445891 2121410.545417959)"
10,18543,195944.0,10049817.0,East 5th Street,,82484588.0,82566090.0,21.0,1.0,161860.0,161861.0,0.0852989,60.0,0.0014216,1000000.0,-97.3307396,32.7538988,-97.3299471,32.7542786,85.3693298215,,"LINESTRING (709559.4682940478 2121172.1234241035, 709565.3804247422 2121175.5604180023, 709623.0207705195 2121209.104533244, 709633.2527603421 2121215.0626232084)"
11,18556,229715.0,10071309.0,North Houston Street,,82725577.0,82709329.0,15.0,1.0,181046.0,178965.0,0.0559366,70.0,0.0007991,1000000.0,-97.3338915,32.7585207,-97.3339585,32.7580457,55.8085769697,,"LINESTRING (709258.4612208077 2121681.31990353, 709261.42188329 2121669.5314370804, 709262.791193726 2121659.288915381, 709263.1357366003 2121651.0422046296, 709261.7106456923 2121643.518841069, 709256.5208872299 2121634.955639342, 709252.76857573 2121628.5819240995)"
12,19343,2278443.0,331961748.0,North Houston Street,,82767480.0,82579255.0,15.0,1.0,187033.0,1775750.0,0.0251552,70.0,0.0003594,1000000.0,-97.3342858,32.7576129,-97.3341615,32.7574144,25.112685582,,"LINESTRING (709222.6360536133 2121580.252453955, 709226.7015400762 2121569.3855711836, 709234.5261611538 2121558.3718880136)"
13,21891,195560.0,10049474.0,West 7th Street,,82530587.0,82560685.0,21.0,1.0,161534.0,1574083.0,0.0856344,60.0,0.0014272,1000000.0,-97.3314834,32.7518935,-97.3306889,32.7522764,85.703626587,,"LINESTRING (709492.2510271462 2120948.9991849177, 709498.2003021609 2120952.480907129, 709558.028032916 2120987.490578804, 709566.2210428269 2120992.2836899925)"
14,22359,212134.0,10060237.0,West 6th Street,,82654047.0,82530586.0,21.0,1.0,1574082.0,173962.0,0.0864878,60.0,0.0014415,1000000.0,-97.3311094,32.7529003,-97.3319117,32.7525134,86.5578055226,,"LINESTRING (709526.0516970799 2121061.0235870443, 709517.4304365786 2121055.981776409, 709476.3818724402 2121031.9490246754, 709457.7336680756 2121021.018160969, 709451.3561282983 2121017.2877332717)"
15,23630,209002.0,10058031.0,Houston Street,,82482159.0,82489543.0,21.0,3.0,153319.0,154034.0,0.0823684,60.0,0.0013728,1000000.0,-97.3332452,32.7560726,-97.3328256,32.7554213,82.2291451795,,"LINESTRING (709322.0282445891 2121410.545417959, 709357.9566615641 2121346.2598934975, 709362.1442165391 2121338.7656080816)"
16,25792,191354.0,10046835.0,Throckmorton Street,,82530586.0,82530585.0,31.0,3.0,173962.0,158376.0,0.079574,40.0,0.0019894,1000000.0,-97.3319117,32.7525134,-97.3323393,32.7531321,79.4491082512,,"LINESTRING (709451.3561282983 2121017.2877332717, 709447.5368733082 2121023.6660444457, 709414.6059718425 2121078.625090763, 709410.5288542856 2121085.444126768)"
17,26866,1953808.0,115075072.0,Houston Street,,82654047.0,82560685.0,31.0,3.0,1574082.0,1574083.0,0.0797444,40.0,0.0019936,1000000.0,-97.3311094,32.7529003,-97.3306889,32.7522764,79.6162659562,,"LINESTRING (709526.0516970799 2121061.0235870443, 709529.786785921 2121054.6332797892, 709561.9795636457 2120999.5444120876, 709566.2210428269 2120992.2836899925)"
18,26893,195561.0,10049474.0,West 7th Street,,82560685.0,82484589.0,21.0,1.0,1574083.0,161535.0,0.0846654,60.0,0.0014111,1000000.0,-97.3306889,32.7522764,-97.3299034,32.752655,84.7345698929,,"LINESTRING (709566.2210428269 2120992.2836899925, 709572.3657950351 2120995.8785278834, 709630.4706030885 2121029.8825083915, 709639.3524513652 2121035.082572894)"
19,27120,229716.0,10071309.0,North Houston Street,,82709329.0,82767480.0,15.0,1.0,178965.0,187033.0,0.058394,70.0,0.0008342,1000000.0,-97.3339585,32.7580457,-97.3342858,32.7576129,58.3177626188,,"LINESTRING (709252.76857573 2121628.5819240995, 709243.8471266082 2121616.850089552, 709230.3385513028 2121602.195194034, 709225.8252013521 2121595.1587675363, 709224.7306652298 2121591.6201830674, 709223.9253588056 2121589.038499156, 709222.6360536133 2121580.252453955)"
20,27812,180787.0,10040064.0,East 6th Street,,82446438.0,82446435.0,21.0,1.0,184786.0,150533.0,0.0610205,60.0,0.001017,1000000.0,-97.3274839,32.7546481,-97.3280509,32.7543765,61.0707491365,,"LINESTRING (709863.5846862078 2121258.6062443573, 709833.9038177648 2121241.341438446, 709826.1298024999 2121236.818921393, 709810.7958878793 2121227.8982784804)"
21,28409,211079.0,10059561.0,West Weatherford Street,,6138269456.0,82431904.0,21.0,1.0,178443.0,173202.0,0.0807,60.0,0.001345,1000000.0,-97.3360162,32.7556185,-97.3352664,32.7559778,80.7664600449,,"LINESTRING (709062.9627318203 2121357.314377006, 709065.9793585591 2121359.066663621, 709077.2914842729 2121365.657150775, 709132.7724222229 2121397.9324477743)"
22,28424,212133.0,10060237.0,West 6th Street,,82446429.0,82654047.0,21.0,1.0,173961.0,1574082.0,0.0839503,60.0,0.0013992,1000000.0,-97.3303306,32.7532758,-97.3311094,32.7529003,84.0184794975,,"LINESTRING (709598.5588240653 2121103.47145373, 709589.9842387536 2121098.452277163, 709531.6284507941 2121064.2904863805, 709526.0516970799 2121061.0235870443)"
23,28441,221827.0,10066173.0,North Main Street,,82725577.0,1301671780.0,15.0,1.0,181046.0,181047.0,0.0075281,70.0,0.0001075,0.0001075,-97.3338915,32.7585207,-97.3339318,32.7585793,7.51544556478,B,"LINESTRING (709258.4612208077 2121681.31990353, 709254.6133709447 2121687.7755966354)"
24,29966,222089.0,10066352.0,East 7th Street,,82529601.0,1039868471.0,21.0,1.0,181253.0,181254.0,0.0520629,60.0,0.0008677,1000000.0,-97.327609,32.7537692,-97.3271279,32.7540047,52.1030796236,,"LINESTRING (709852.9511197814 2121161.022530509, 709865.9750723512 2121168.6976168435, 709874.8210502238 2121173.731155148, 709879.5048352858 2121176.389456533, 709897.7364333274 2121187.638070926)"
25,31502,1876929.0,48923771.0,East Weatherford Street,,82666064.0,82503821.0,15.0,1.0,1524868.0,155448.0,0.0815636,70.0,0.0011652,1000000.0,-97.3321153,32.7574876,-97.3313577,32.7578511,81.6306644614,,"LINESTRING (709426.1477002685 2121568.6178347412, 709458.0719286408 2121587.19273952, 709496.6800132401 2121609.7123147976)"
26,33339,211077.0,10059561.0,West Weatherford Street,,82478338.0,82463129.0,21.0,1.0,173201.0,151243.0,0.0794714,60.0,0.0013245,1000000.0,-97.3374784,32.7549179,-97.33674,32.7552717,79.5369212546,,"LINESTRING (708926.8237084039 2121278.114353478, 708995.5731612046 2121318.1097854953)"
27,34038,212135.0,10060237.0,West 6th Street,,82530586.0,82435537.0,21.0,1.0,173962.0,1723743.0,0.0818871,60.0,0.0013648,1000000.0,-97.3319117,32.7525134,-97.3326714,32.7521472,81.9534665823,,"LINESTRING (709451.3561282983 2121017.2877332717, 709443.4424490767 2121012.6530757286, 709386.1841266984 2120979.1475492567, 709380.6258930137 2120975.8920287807)"
28,47092,2278468.0,331961756.0,West 5th Street,,82435535.0,82530585.0,21.0,1.0,1775762.0,158376.0,0.0811852,60.0,0.0013531,1000000.0,-97.3330937,32.7527708,-97.3323393,32.7531321,81.2527523159,,"LINESTRING (709340.2895029361 2121044.5975449793, 709376.6568348925 2121065.7499040533, 709403.2758946407 2121081.227153873, 709410.5288542856 2121085.444126768)"
29,48291,1953819.0,115075104.0,North Main Street,,1301671780.0,1301671817.0,15.0,1.0,181047.0,1574087.0,0.5309375,70.0,0.0075848,0.0075848,-97.3339318,32.7585793,-97.3367022,32.7627472,530.071366861,B,"LINESTRING (709254.6133709447 2121687.7755966354, 708989.9358272544 2122147.037452042)"
30,50187,1953811.0,115075082.0,West 5th Street,,82654046.0,82484588.0,21.0,1.0,1574081.0,161860.0,0.084777,60.0,0.001413,1000000.0,-97.3315273,32.7535214,-97.3307396,32.7538988,84.8470908462,,"LINESTRING (709486.129965516 2121129.4558950216, 709491.3903477766 2121132.5196432695, 709550.576789861 2121166.9565911405, 709559.4682940478 2121172.1234241035)"
31,53774,1953807.0,115075072.0,Houston Street,,82654046.0,82654047.0,31.0,3.0,1574081.0,1574082.0,0.0793542,40.0,0.0019839,1000000.0,-97.3315273,32.7535214,-97.3311094,32.7529003,79.2257878453,,"LINESTRING (709486.129965516 2121129.4558950216, 709489.9606724756 2121122.88920567, 709521.7624410752 2121068.3725099247, 709526.0516970799 2121061.0235870443)"
32,55273,1876931.0,48923771.0,East Weatherford Street,,82529591.0,82631125.0,15.0,1.0,185075.0,168673.0,0.0773757,70.0,0.0011054,1000000.0,-97.3306261,32.758222,-97.3299182,32.7585823,77.4311237232,,"LINESTRING (709564.7666462043 2121651.600701088, 709630.6453314488 2121692.2894925606)"
33,66523,1876930.0,48923771.0,East Weatherford Street,,82503821.0,82529591.0,15.0,1.0,155448.0,185075.0,0.0798823,70.0,0.0011412,1000000.0,-97.3313577,32.7578511,-97.3306261,32.758222,79.9401431974,,"LINESTRING (709496.6800132401 2121609.7123147976, 709564.7666462043 2121651.600701088)"
34,66556,2560455.0,603518004.0,Commerce Street,,82446431.0,82566090.0,31.0,3.0,1899875.0,161861.0,0.0789099,40.0,0.0019727,0.0019727,-97.3295338,32.7536599,-97.3299471,32.7542786,78.7816140329,B,"LINESTRING (709672.7412227809 2121146.8922194317, 709668.0594640372 2121154.979698371, 709636.9311520274 2121208.716082085, 709633.2527603421 2121215.0626232084)"
35,81308,2540711.0,589744792.0,East Belknap Street,,82463017.0,82463016.0,15.0,1.0,1956686.0,185076.0,0.0798764,70.0,0.0011411,1000000.0,-97.3303371,32.7592475,-97.3310793,32.7588919,79.9424009507,,"LINESTRING (709590.5771946817 2121765.610194456, 709521.4794770991 2121725.407049123)"
36,86067,2278404.0,331961737.0,Commerce Street,,82679259.0,82725577.0,15.0,1.0,178964.0,181046.0,0.072977,70.0,0.0010425,1000000.0,-97.3331671,32.7584169,-97.3338915,32.7585207,73.0747546891,,"LINESTRING (709326.4584210445 2121670.5641180743, 709300.5843368932 2121664.0777648985, 709290.6457444959 2121664.632769216, 709287.4479521336 2121665.7062049843, 709282.2777336832 2121667.201318944, 709270.9182352499 2121674.205704456, 709258.4612208077 2121681.31990353)"
37,89295,2521593.0,566641092.0,Calhoun Street,,82503821.0,82478615.0,31.0,3.0,155448.0,1944593.0,0.0855299,40.0,0.0021382,1000000.0,-97.3313577,32.7578511,-97.3309244,32.7571737,85.3848306909,,"LINESTRING (709496.6800132401 2121609.7123147976, 709538.1122718172 2121535.053509146)"
38,96373,2560717.0,603518141.0,North Houston Street,,82579255.0,2405327479.0,15.0,1.0,1775750.0,1899876.0,0.0095418,70.0,0.0001363,1000000.0,-97.3341615,32.7574144,-97.3341035,32.7573438,9.53000967908,,"LINESTRING (709234.5261611538 2121558.3718880136, 709240.0471566058 2121550.604025135)"
39,99599,2278467.0,331961756.0,West 5th Street,,82462848.0,82435535.0,21.0,1.0,1775761.0,1775762.0,0.0804414,60.0,0.0013407,1000000.0,-97.3338409,32.7524124,-97.3330937,32.7527708,80.5075148128,,"LINESTRING (709270.7206186586 2121004.0805080477, 709340.2895029361 2121044.5975449793)"
40,105966,2521590.0,566641083.0,Jones Street,,82446435.0,82529599.0,31.0,3.0,150533.0,1944590.0,0.0798196,40.0,0.0019955,1000000.0,-97.3280509,32.7543765,-97.3284503,32.7550109,79.6821556464,,"LINESTRING (709810.7958878793 2121227.8982784804, 709772.5897096432 2121297.8234804682)"
41,109287,2521591.0,566641083.0,Jones Street,,82529599.0,82496905.0,31.0,3.0,1944590.0,1944591.0,0.0781017,40.0,0.0019525,1000000.0,-97.3284503,32.7550109,-97.3288635,32.7556213,77.9768616089,,"LINESTRING (709772.5897096432 2121297.8234804682, 709753.1253015583 2121330.7527408116, 709733.1207627554 2121365.0732858777)"
42,112328,2476434.0,523564092.0,East 6th Street,,5096853076.0,82446431.0,21.0,1.0,1910171.0,1899875.0,0.0235883,60.0,0.0003931,1000000.0,-97.3293151,32.7537656,-97.3295338,32.7536599,23.607597515,,"LINESTRING (709693.1018263826 2121158.840628512, 709680.8687037819 2121151.662519619, 709672.7412227809 2121146.8922194317)"
43,113860,2462853.0,505369908.0,East 5th Street,,82566090.0,82566091.0,21.0,1.0,161861.0,1963104.0,0.0816114,60.0,0.0013602,1000000.0,-97.3299471,32.7542786,-97.3291888,32.7546419,81.6789836632,,"LINESTRING (709633.2527603421 2121215.0626232084, 709641.3062353168 2121219.7433516104, 709703.8526245457 2121256.1371333264)"
44,115442,2452071.0,491441519.0,Jones Street,,82529601.0,82446435.0,31.0,3.0,181253.0,150533.0,0.0791695,40.0,0.0019792,1000000.0,-97.327609,32.7537692,-97.3280509,32.7543765,79.0533316403,,"LINESTRING (709852.9511197814 2121161.022530509, 709810.7958878793 2121227.8982784804)"
45,119220,2278403.0,331961737.0,Commerce Street,,82463014.0,82679259.0,15.0,1.0,1775723.0,178964.0,0.0745956,70.0,0.0010657,1000000.0,-97.3325984,32.7581595,-97.3331671,32.7584169,74.5846268445,,"LINESTRING (709380.0574062192 2121642.6154182814, 709372.2224941422 2121660.4488730673, 709358.7676228483 2121673.030036673, 709352.5612776217 2121677.541016303, 709346.0032114411 2121679.9743687995, 709337.9746620104 2121678.133049095, 709326.4584210445 2121670.5641180743)"
46,119306,2462855.0,505369908.0,East 5th Street,,82529599.0,82566093.0,21.0,1.0,1944590.0,184777.0,0.0734721,60.0,0.0012245,1000000.0,-97.3284503,32.7550109,-97.3277615,32.7553258,73.5377659012,,"LINESTRING (709772.5897096432 2121297.8234804682, 709786.8675263444 2121306.488317948, 709797.0033960895 2121312.645118378, 709822.5098865746 2121327.7784254234, 709836.7365753775 2121333.459708091)"
47,121098,2462857.0,505371295.0,Commerce Street,,82478614.0,82666064.0,21.0,1.0,1899879.0,1524868.0,0.0843905,60.0,0.0014065,1000000.0,-97.3316685,32.7568282,-97.3321153,32.7574876,84.2556800812,,"LINESTRING (709468.8222344727 2121495.9686519764, 709426.1477002685 2121568.6178347412)"
48,123508,2462854.0,505369908.0,East 5th Street,,82566091.0,82529599.0,21.0,1.0,1963104.0,1944590.0,0.0803298,60.0,0.0013388,1000000.0,-97.3291888,32.7546419,-97.3284503,32.7550109,80.3899149512,,"LINESTRING (709703.8526245457 2121256.1371333264, 709738.0676330416 2121276.889818758, 709772.5897096432 2121297.8234804682)"
49,124425,2558529.0,601934774.0,Calhoun Street,,82446433.0,82726884.0,31.0,3.0,1963105.0,1963092.0,0.0795899,40.0,0.0019897,1000000.0,-97.3287736,32.7540302,-97.3283552,32.7534069,79.4609481059,,"LINESTRING (709743.5107876796 2121188.7451596446, 709779.1079277669 2121127.5957578607, 709783.4836571922 2121120.0704785343)"
50,127101,2558502.0,601934716.0,East 6th Street,,82446433.0,5096853077.0,21.0,1.0,1963105.0,1910170.0,0.0526212,60.0,0.000877,1000000.0,-97.3287736,32.7540302,-97.3292601,32.7537924,52.6628029302,,"LINESTRING (709743.5107876796 2121188.7451596446, 709698.2219571992 2121161.8696569297)"
51,128529,2462851.0,505369906.0,North Houston Street,,2405327479.0,82478336.0,15.0,3.0,1899876.0,171540.0,0.0781441,70.0,0.0011163,1000000.0,-97.3341035,32.7573438,-97.3336898,32.7567332,78.0186490512,,"LINESTRING (709240.0471566058 2121550.604025135, 709247.6305151104 2121537.6913822573, 709259.7983724317 2121516.967229657, 709279.5590903374 2121483.330578549)"
52,128676,2353604.0,419088132.0,Commerce Street,,4192461451.0,82463014.0,21.0,1.0,1830164.0,1775723.0,0.0298115,60.0,0.0004969,1000000.0,-97.3324334,32.7579301,-97.3325984,32.7581595,29.7671127993,,"LINESTRING (709395.799098803 2121617.3512120005, 709380.0574062192 2121642.6154182814)"
53,130924,2462845.0,505369904.0,Commerce Street,,82679272.0,82446431.0,31.0,3.0,1963091.0,1899875.0,0.0794801,40.0,0.001987,0.001987,-97.3291043,32.7530431,-97.3295338,32.7536599,79.3572650403,B,"LINESTRING (709713.7457532889 2121078.9495683815, 709708.9434840659 2121086.913701292, 709676.8654700012 2121140.0627257433, 709672.7412227809 2121146.8922194317)"
54,134675,2560456.0,603518004.0,Commerce Street,,82566090.0,82496903.0,31.0,3.0,161861.0,1574079.0,0.0795506,40.0,0.0019888,0.0019888,-97.3299471,32.7542786,-97.3303738,32.7548975,79.4253825261,B,"LINESTRING (709633.2527603421 2121215.0626232084, 709628.4210302193 2121223.1595396344, 709595.6697492106 2121277.9425607454, 709592.5090862478 2121283.24138546)"
55,137280,2462856.0,505371295.0,Commerce Street,,82672117.0,82478614.0,21.0,1.0,173974.0,1899879.0,0.0790977,60.0,0.0013183,1000000.0,-97.3312532,32.7562085,-97.3316685,32.7568282,78.9698344334,,"LINESTRING (709508.4970871552 2121427.6887807474, 709468.8222344727 2121495.9686519764)"
56,137549,2462852.0,505369907.0,Throckmorton Street,,82478337.0,2405327470.0,21.0,3.0,1899877.0,1899878.0,0.0740246,60.0,0.0012337,1000000.0,-97.3345374,32.7563436,-97.334915,32.7569287,73.9000831733,,"LINESTRING (709200.6247329016 2121439.2501175664, 709164.526816015 2121503.7339348346)"
57,144172,2462802.0,505332678.0,West Belknap Street,,82431906.0,6138269455.0,21.0,1.0,146658.0,178444.0,0.0861796,48.0,0.0017954,1000000.0,-97.335697,32.7566769,-97.336499,32.7562951,86.2516342064,,"LINESTRING (709091.5690042884 2121475.001867039, 709021.6263201109 2121434.582218876, 709016.8965684132 2121431.8351019006)"
58,144659,2558986.0,602276503.0,Calhoun Street,,82566197.0,82543715.0,31.0,3.0,173973.0,1963102.0,0.0854139,40.0,0.0021353,1000000.0,-97.3305054,32.7565599,-97.3300415,32.7558982,85.2827024136,,"LINESTRING (709578.1268358894 2121467.431970302, 709622.4079144524 2121394.5462692883)"
59,145582,2560436.0,603517991.0,Houston Street,,82547756.0,82501205.0,21.0,7.0,1963775.0,1963774.0,0.0794494,60.0,0.0013242,1000000.0,-97.3323746,32.7547613,-97.3319513,32.7541418,79.323128047,,"LINESTRING (709405.2134898035 2121266.0540038254, 709409.3007638404 2121259.157452585, 709441.0444562861 2121205.571367575, 709445.6381032849 2121197.8043964338)"
60,146538,2540712.0,589744792.0,East Belknap Street,,82463016.0,82463015.0,15.0,1.0,185076.0,155447.0,0.0777805,70.0,0.0011112,1000000.0,-97.3310793,32.7588919,-97.331802,32.7585456,77.8446264636,,"LINESTRING (709521.4794770991 2121725.407049123, 709454.1966926664 2121686.2558960337)"
61,146804,2559400.0,602326296.0,Calhoun Street,,5721670735.0,82566197.0,31.0,3.0,1963409.0,173973.0,0.0093481,40.0,0.0002337,1000000.0,-97.3305552,32.7566328,-97.3305054,32.7565599,9.33377183396,,"LINESTRING (709573.3709651581 2121475.4632211532, 709578.1268358894 2121467.431970302)"
62,147329,2558653.0,602247668.0,West Belknap Street,,82579255.0,82530583.0,21.0,1.0,1775750.0,1963166.0,0.0977777,48.0,0.002037,1000000.0,-97.3341615,32.7574144,-97.3350648,32.7569715,97.8554735167,,"LINESTRING (709234.5261611538 2121558.3718880136, 709230.9595521688 2121556.369477572, 709150.4391062787 2121508.3239751775)"
63,147638,2521589.0,566641078.0,Jones Street,,82529598.0,82529593.0,31.0,3.0,159858.0,1892349.0,0.0850353,40.0,0.0021259,1000000.0,-97.3292921,32.7562542,-97.3297424,32.7569186,84.8999152936,,"LINESTRING (709692.1816739924 2121434.8019850515, 709673.861998386 2121465.9587577637, 709667.4720340527 2121476.832829954, 709649.1711272954 2121508.0009462684)"
64,148978,2453153.0,492430117.0,West 6th Street,,4844508864.0,4844508865.0,21.0,1.0,173963.0,1893866.0,0.0315502,60.0,0.0005258,1000000.0,-97.3327708,32.7520993,-97.3330635,32.7519582,31.5759135397,,"LINESTRING (709371.3714085581 2120970.4773604516, 709344.1200274217 2120954.52742183)"
65,149580,2558527.0,601934774.0,Calhoun Street,,82496904.0,82566091.0,31.0,3.0,1963103.0,1963104.0,0.0795624,40.0,0.0019891,1000000.0,-97.3296106,32.7552633,-97.3291888,32.7546419,79.4355193727,,"LINESTRING (709663.5646333835 2121324.597921418, 709703.8526245457 2121256.1371333264)"
66,150260,2452070.0,491441519.0,Jones Street,,82529602.0,82529601.0,31.0,3.0,1997309.0,181253.0,0.0791558,40.0,0.0019789,1000000.0,-97.3271912,32.7531501,-97.327609,32.7537692,79.028377702,,"LINESTRING (709892.8634489967 2121092.8133655675, 709888.6982112452 2121099.941727532, 709852.9511197814 2121161.022530509)"
67,151456,2560435.0,603517991.0,Houston Street,,82489543.0,82547756.0,21.0,7.0,154034.0,1963775.0,0.0846444,60.0,0.0014107,1000000.0,-97.3328256,32.7554213,-97.3323746,32.7547613,84.5099977854,,"LINESTRING (709362.1442165391 2121338.7656080816, 709365.8781113543 2121332.463941997, 709401.3648938788 2121272.5539901108, 709405.2134898035 2121266.0540038254)"
68,152391,2462844.0,505369904.0,Commerce Street,,82633827.0,82679272.0,31.0,3.0,168969.0,1963091.0,0.0787233,40.0,0.0019681,0.0019681,-97.3286875,32.752428,-97.3291043,32.7530431,78.5969337402,B,"LINESTRING (709753.5587896202 2121011.1823197696, 709749.8812403586 2121017.440112099, 709717.9487213694 2121071.7882860657, 709713.7457532889 2121078.9495683815)"
69,152690,2462803.0,505332678.0,West Belknap Street,,6138269455.0,82463130.0,21.0,1.0,178444.0,1899852.0,0.0778496,48.0,0.0016219,1000000.0,-97.336499,32.7562951,-97.3372228,32.7559492,77.9141738801,,"LINESTRING (709016.8965684132 2121431.8351019006, 708949.5062299387 2121392.7306165863)"
70,153341,2560443.0,603517996.0,Throckmorton Street,,82530585.0,82501206.0,31.0,3.0,158376.0,1963776.0,0.0796072,40.0,0.0019902,1000000.0,-97.3323393,32.7531321,-97.3327562,32.7537563,79.4786517183,,"LINESTRING (709410.5288542856 2121085.444126768, 709406.5064810136 2121092.3968460243, 709374.7679360331 2121147.191845255, 709370.6979022647 2121154.2216752693)"
71,153807,2560477.0,603518024.0,West Belknap Street,,82530583.0,82431906.0,21.0,1.0,1963166.0,146658.0,0.0675875,48.0,0.0014081,1000000.0,-97.3350648,32.7569715,-97.335697,32.7566769,67.6465209684,,"LINESTRING (709150.4391062787 2121508.3239751775, 709091.5690042884 2121475.001867039)"
72,155408,2521592.0,566641083.0,Jones Street,,82496905.0,5721670738.0,31.0,3.0,1944591.0,1944592.0,0.0108882,40.0,0.0002722,1000000.0,-97.3288635,32.7556213,-97.3289211,32.7557064,10.8708953372,,"LINESTRING (709733.1207627554 2121365.0732858777, 709727.6188285367 2121374.449057061)"
73,157496,2559905.0,603215109.0,East Belknap Street,,82463014.0,82463013.0,21.0,1.0,1775723.0,1963615.0,0.0839768,60.0,0.0013996,1000000.0,-97.3325984,32.7581595,-97.3333792,32.7577864,84.0464881909,,"LINESTRING (709380.0574062192 2121642.6154182814, 709307.3630397073 2121600.4331796654)"
74,159863,2558501.0,601934716.0,East 6th Street,,82446435.0,82446433.0,21.0,1.0,150533.0,1963105.0,0.0777834,60.0,0.0012964,1000000.0,-97.3280509,32.7543765,-97.3287736,32.7540302,77.8476166929,,"LINESTRING (709810.7958878793 2121227.8982784804, 709784.8948568713 2121212.8271419015, 709743.5107876796 2121188.7451596446)"
75,161939,2560478.0,603518025.0,West Weatherford Street,,82431904.0,6138269453.0,21.0,1.0,173202.0,1963782.0,0.0053451,60.0,8.91e-05,1000000.0,-97.3352664,32.7559778,-97.3352173,32.7560024,5.34852572276,,"LINESTRING (709132.7724222229 2121397.9324477743, 709137.3425115552 2121400.711118482)"
76,162407,2540713.0,589744792.0,East Belknap Street,,82463015.0,82463014.0,15.0,1.0,155447.0,1775723.0,0.0859606,70.0,0.001228,1000000.0,-97.331802,32.7585456,-97.3325984,32.7581595,86.0297918941,,"LINESTRING (709454.1966926664 2121686.2558960337, 709380.0574062192 2121642.6154182814)"
77,165130,2558652.0,602247667.0,West Weatherford Street,,82478336.0,82478335.0,15.0,1.0,171540.0,153591.0,0.0833257,70.0,0.0011904,1000000.0,-97.3336898,32.7567332,-97.3329156,32.7571042,83.3943836093,,"LINESTRING (709279.5590903374 2121483.330578549, 709303.9984267586 2121497.552448092, 709351.6386697158 2121525.2728895433)"
78,168592,2559231.0,602325996.0,Jones Street,,82529593.0,82478616.0,31.0,3.0,1892349.0,1497764.0,0.0804234,40.0,0.0020106,1000000.0,-97.3297424,32.7569186,-97.3301682,32.757547,80.2948389872,,"LINESTRING (709649.1711272954 2121508.0009462684, 709608.5011011709 2121577.233959658)"
79,169946,2560458.0,603518006.0,Commerce Street,,82543714.0,82672117.0,31.0,3.0,159857.0,173974.0,0.087594,40.0,0.0021899,0.0021899,-97.3308017,32.7555183,-97.3312532,32.7562085,87.4485809076,B,"LINESTRING (709551.6511906716 2121351.629741013, 709548.984568113 2121356.324159421, 709508.4970871552 2121427.6887807474)"
80,170137,2558503.0,601934731.0,East 7th Street,,82484589.0,82679272.0,21.0,1.0,161535.0,1963091.0,0.0862942,60.0,0.0014382,1000000.0,-97.3299034,32.752655,-97.3291043,32.7530431,86.3636344928,,"LINESTRING (709639.3524513652 2121035.082572894, 709646.0087760814 2121039.015838517, 709703.2259282923 2121072.7442208976, 709713.7457532889 2121078.9495683815)"
81,170800,2558526.0,601934774.0,Calhoun Street,,82543715.0,82496904.0,31.0,3.0,1963102.0,1963103.0,0.0812878,40.0,0.0020322,1000000.0,-97.3300415,32.7558982,-97.3296106,32.7552633,81.1581596819,,"LINESTRING (709622.4079144524 2121394.5462692883, 709663.5646333835 2121324.597921418)"
82,171456,2521594.0,566641092.0,Calhoun Street,,82478615.0,5721670736.0,31.0,3.0,1944593.0,1944594.0,0.007361,40.0,0.000184,1000000.0,-97.3309244,32.7571737,-97.3308852,32.7571163,7.34867418238,,"LINESTRING (709538.1122718172 2121535.053509146, 709541.85582435 2121528.7298372164)"
83,172047,2540710.0,589744792.0,East Belknap Street,,82463018.0,82463017.0,15.0,1.0,170881.0,1956686.0,0.0769282,70.0,0.001099,1000000.0,-97.3296327,32.7596049,-97.3303371,32.7592475,76.9837092509,,"LINESTRING (709656.1306718086 2121805.973954521, 709590.5771946817 2121765.610194456)"
84,172922,2558988.0,602276505.0,Jones Street,,82478616.0,82529591.0,31.0,3.0,1497764.0,185075.0,0.0864114,40.0,0.0021603,1000000.0,-97.3301682,32.757547,-97.3306261,32.758222,86.2734882924,,"LINESTRING (709608.5011011709 2121577.233959658, 709564.7666462043 2121651.600701088)"
85,174469,2560437.0,603517991.0,Houston Street,,82501205.0,82654046.0,21.0,7.0,1963774.0,1574081.0,0.0795681,60.0,0.0013261,1000000.0,-97.3319513,32.7541418,-97.3315273,32.7535214,79.4424862748,,"LINESTRING (709445.6381032849 2121197.8043964338, 709449.5439601702 2121191.2163484003, 709481.9852581449 2121136.4515810255, 709486.129965516 2121129.4558950216)"
86,174699,2558528.0,601934774.0,Calhoun Street,,82566091.0,82446433.0,31.0,3.0,1963104.0,1963105.0,0.0783198,40.0,0.001958,1000000.0,-97.3291888,32.7546419,-97.3287736,32.7540302,78.1949360245,,"LINESTRING (709703.8526245457 2121256.1371333264, 709743.5107876796 2121188.7451596446)"
87,176913,2558504.0,601934731.0,East 7th Street,,82679272.0,82726884.0,21.0,1.0,1963091.0,1963092.0,0.0808933,60.0,0.0013482,1000000.0,-97.3291043,32.7530431,-97.3283552,32.7534069,80.9586597152,,"LINESTRING (709713.7457532889 2121078.9495683815, 709720.7186081337 2121083.063844282, 709775.933650268 2121115.617037814, 709783.4836571922 2121120.0704785343)"
88,179211,2559907.0,603215111.0,East Weatherford Street,,82478335.0,82666064.0,15.0,1.0,153591.0,1524868.0,0.0861286,70.0,0.0012304,1000000.0,-97.3329156,32.7571042,-97.3321153,32.7574876,86.1996514385,,"LINESTRING (709351.6386697158 2121525.2728895433, 709426.1477002685 2121568.6178347412)"
89,180628,2560442.0,603517994.0,Throckmorton Street,,82489544.0,82478337.0,31.0,3.0,1963259.0,1899877.0,0.169814,40.0,0.0042454,1000000.0,-97.3336211,32.7550251,-97.3345374,32.7563436,169.550238807,,"LINESTRING (709288.098637664 2121294.006875159, 709200.6247329016 2121439.2501175664)"
90,180680,2560441.0,603517994.0,Throckmorton Street,,82530584.0,82489544.0,31.0,3.0,160271.0,1963259.0,0.0833222,40.0,0.0020831,1000000.0,-97.3331716,32.7543781,-97.3336211,32.7550251,83.1935963226,,"LINESTRING (709331.010995868 2121222.734835526, 709327.14467926 2121229.1459380556, 709288.098637664 2121294.006875159)"
91,181425,2560453.0,603518002.0,West 6th Street,,4844508865.0,82462849.0,21.0,1.0,1893866.0,1517376.0,0.0373833,60.0,0.0006231,1000000.0,-97.3330635,32.7519582,-97.3334103,32.751791,37.4132862255,,"LINESTRING (709344.1200274217 2120954.52742183, 709316.6265455068 2120938.430708591, 709311.831660502 2120935.627282031)"
92,182089,2560742.0,603518191.0,Throckmorton Street,,2405327470.0,82530583.0,21.0,3.0,1899878.0,1963166.0,0.0147944,60.0,0.0002466,1000000.0,-97.334915,32.7569287,-97.3350648,32.7569715,14.816613512,,"LINESTRING (709164.526816015 2121503.7339348346, 709150.4391062787 2121508.3239751775)"
93,182344,2559403.0,602326307.0,Jones Street,,5721670738.0,5721670737.0,31.0,3.0,1944592.0,1963410.0,0.0621079,40.0,0.0015527,1000000.0,-97.3289211,32.7557064,-97.3292499,32.7561917,62.0085286995,,"LINESTRING (709727.6188285367 2121374.449057061, 709696.2127436546 2121427.916013809)"
94,183227,2559402.0,602326303.0,Jones Street,,5721670737.0,82529598.0,31.0,3.0,1963410.0,159858.0,0.0079921,40.0,0.0001998,1000000.0,-97.3292499,32.7561917,-97.3292921,32.7562542,7.97910537434,,"LINESTRING (709696.2127436546 2121427.916013809, 709692.1816739924 2121434.8019850515)"
95,184005,2559401.0,602326299.0,Calhoun Street,,5721670736.0,5721670735.0,31.0,3.0,1944594.0,1963409.0,0.0619896,40.0,0.0015497,1000000.0,-97.3308852,32.7571163,-97.3305552,32.7566328,61.8913280434,,"LINESTRING (709541.85582435 2121528.7298372164, 709573.3709651581 2121475.4632211532)"
96,184269,2560445.0,603517997.0,West 5th Street,,82530585.0,82654046.0,21.0,1.0,158376.0,1574081.0,0.0874064,60.0,0.0014568,1000000.0,-97.3323393,32.7531321,-97.3315273,32.7535214,87.4789336449,,"LINESTRING (709410.5288542856 2121085.444126768, 709417.2882998853 2121089.378383439, 709477.1919066352 2121124.255343225, 709486.129965516 2121129.4558950216)"
97,184670,2559908.0,603215112.0,West Weatherford Street,,82478337.0,82478336.0,21.0,1.0,1899877.0,171540.0,0.0903276,60.0,0.0015055,1000000.0,-97.3345374,32.7563436,-97.3336898,32.7567332,90.4086269545,,"LINESTRING (709200.6247329016 2121439.2501175664, 709228.3021368035 2121454.7053795718, 709279.5590903374 2121483.330578549)"
98,185681,2560718.0,603518142.0,West Belknap Street,,82463013.0,82579255.0,21.0,1.0,1963615.0,1775750.0,0.0840387,48.0,0.0017508,1000000.0,-97.3333792,32.7577864,-97.3341615,32.7574144,84.1092333388,,"LINESTRING (709307.3630397073 2121600.4331796654, 709234.5261611538 2121558.3718880136)"
99,185758,2560454.0,603518003.0,East 6th Street,,82446431.0,82446429.0,21.0,1.0,1899875.0,173961.0,0.0858849,60.0,0.0014314,1000000.0,-97.3295338,32.7536599,-97.3303306,32.7532758,85.9557515096,,"LINESTRING (709672.7412227809 2121146.8922194317, 709662.6770954876 2121141.002495963, 709606.2489691403 2121107.9706755616, 709598.5588240653 2121103.47145373)"
100,186039,2558975.0,602276496.0,East 7th Street,,82726884.0,82529601.0,21.0,1.0,1963092.0,181253.0,0.0805751,60.0,0.0013429,1000000.0,-97.3283552,32.7534069,-97.327609,32.7537692,80.6399342917,,"LINESTRING (709783.4836571922 2121120.0704785343, 709788.7900596105 2121123.201436512, 709824.7806277517 2121144.4178002216, 709852.9511197814 2121161.022530509)"
101,186045,2560444.0,603517996.0,Throckmorton Street,,82501206.0,82530584.0,31.0,3.0,1963776.0,160271.0,0.0793055,40.0,0.0019826,1000000.0,-97.3327562,32.7537563,-97.3331716,32.7543781,79.177672651,,"LINESTRING (709370.6979022647 2121154.2216752693, 709366.6183814743 2121161.2624909393, 709334.9853083862 2121215.881357001, 709331.010995868 2121222.734835526)"
102,186076,2559906.0,603215110.0,Commerce Street,,82666064.0,4192461451.0,21.0,1.0,1524868.0,1830164.0,0.0574963,60.0,0.0009583,1000000.0,-97.3321153,32.7574876,-97.3324334,32.7579301,57.4106233201,,"LINESTRING (709426.1477002685 2121568.6178347412, 709395.799098803 2121617.3512120005)"
103,187118,2599994.0,655113065.0,West Weatherford Street,,6138269454.0,82478337.0,21.0,1.0,1988328.0,1899877.0,0.0083608,60.0,0.0001393,1000000.0,-97.3346142,32.7563051,-97.3345374,32.7563436,8.36713155808,,"LINESTRING (709193.4764872531 2121434.9013850316, 709200.6247329016 2121439.2501175664)"
104,189400,2599995.0,655113066.0,West Weatherford Street,,6138269453.0,6138269454.0,21.0,1.0,1963782.0,1988328.0,0.065678,60.0,0.0010946,1000000.0,-97.3352173,32.7560024,-97.3346142,32.7563051,65.7266882962,,"LINESTRING (709137.3425115552 2121400.711118482, 709193.4764872531 2121434.9013850316)"
